Workbook

Sheet Formulador
A1: Formulador de raciones para gallinas — agricultura familiar campesina
A2: Herramienta de apoyo con valores promedio de tablas. No reemplaza la asesoría de un profesional.
A4: Cómo usar: | B4: 1. Elija la etapa de sus aves en la celda amarilla de abajo.
B5: 2. Escriba el % de cada ingrediente en las celdas amarillas, hasta que el total sume 100.
B6: 3. Si conoce el precio por kg, escríbalo: la planilla calcula el costo.
B7: 4. Mire la columna "Resultado": OK, Falta o Exceso. Celdas amarillas = para editar; el resto se calcula solo.
A9: Etapa de las aves: | B9: Gallina en postura | F9: =MATCH(B9,Requerimientos!$A$5:$A$9,0) -> 5
A11: Ingrediente | B11: % en la mezcla | C11: Precio ($/kg) | D11: Máximo recomendado en ponedoras (%) | E11: Aviso
A12: ='Materias primas'!A5 -> Maíz grano | B12: 56 | C12: 320 | D12: =IF('Materias primas'!J5="","",'Materias primas'!J5) -> 65 | E12: =IF(AND(D12<>"",B12>D12),"Sobre el máximo","")
A13: ='Materias primas'!A6 -> Avena grano | B13: 3 | C13: 320 | D13: =IF('Materias primas'!J6="","",'Materias primas'!J6) -> 10 | E13: =IF(AND(D13<>"",B13>D13),"Sobre el máximo","")
A14: ='Materias primas'!A7 -> Harina de soya 45,6% | B14: 20 | D14: =IF('Materias primas'!J7="","",'Materias primas'!J7) -> 30 | E14: =IF(AND(D14<>"",B14>D14),"Sobre el máximo","")
A15: ='Materias primas'!A8 -> Harina de raps (canola) | B15: 4 | D15: =IF('Materias primas'!J8="","",'Materias primas'!J8) -> 12 | E15: =IF(AND(D15<>"",B15>D15),"Sobre el máximo","")
A16: ='Materias primas'!A9 -> Afrechillo de trigo | B16: 3 | D16: =IF('Materias primas'!J9="","",'Materias primas'!J9) -> 15 | E16: =IF(AND(D16<>"",B16>D16),"Sobre el máximo","")
A17: ='Materias primas'!A10 -> Conchuela / carbonato de calcio | B17: 10.5 | C17: 100 | D17: =IF('Materias primas'!J10="","",'Materias primas'!J10) | E17: =IF(AND(D17<>"",B17>D17),"Sobre el máximo","")
A18: ='Materias primas'!A11 -> Sal común | B18: 0.45 | D18: =IF('Materias primas'!J11="","",'Materias primas'!J11) | E18: =IF(AND(D18<>"",B18>D18),"Sobre el máximo","")
A19: ='Materias primas'!A12 -> Fosfato bicálcico (opcional) | B19: 0.65 | D19: =IF('Materias primas'!J12="","",'Materias primas'!J12) | E19: =IF(AND(D19<>"",B19>D19),"Sobre el máximo","")
A20: ='Materias primas'!A13 -> DL-metionina (opcional) | B20: 0.25 | D20: =IF('Materias primas'!J13="","",'Materias primas'!J13) | E20: =IF(AND(D20<>"",B20>D20),"Sobre el máximo","")
A21: ='Materias primas'!A14 -> Aceite de raps (opcional) | B21: 2.15 | D21: =IF('Materias primas'!J14="","",'Materias primas'!J14) -> 7 | E21: =IF(AND(D21<>"",B21>D21),"Sobre el máximo","")
A22: TOTAL | B22: =SUM(B12:B21) -> 100 | E22: =IF(ABS(B22-100)<0.05,"OK: suma 100%","Ajuste: debe sumar 100%") -> OK: suma 100%
A24: Nutriente | B24: Su mezcla | C24: Mínimo | D24: Máximo | E24: Resultado
A25: Energía metabolizable (kcal/kg) | B25: =SUMPRODUCT($B$12:$B$21,'Materias primas'!B$5:B$14)/100 -> 2790.2985 | C25: =INDEX(Requerimientos!$B$5:$B$9,$F$9)*0.97 -> 2764.5 | D25: =INDEX(Requerimientos!$B$5:$B$9,$F$9)*1.03 -> 2935.5 | E25: =IF(C25="","",IF(B25<C25,"Falta",IF(AND(D25<>"",B25>D25),"Exceso","OK"))) -> OK
A26: Proteína bruta (%) | B26: =SUMPRODUCT($B$12:$B$21,'Materias primas'!C$5:C$14)/100 -> 15.92235 | C26: =INDEX(Requerimientos!$C$5:$C$9,$F$9) -> 14.33 | E26: =IF(C26="","",IF(B26<C26,"Falta",IF(AND(D26<>"",B26>D26),"Exceso","OK"))) -> OK
A27: Lisina digestible (%) | B27: =SUMPRODUCT($B$12:$B$21,'Materias primas'!D$5:D$14)/100 -> 0.7295 | C27: =INDEX(Requerimientos!$D$5:$D$9,$F$9) -> 0.722 | E27: =IF(C27="","",IF(B27<C27,"Falta",IF(AND(D27<>"",B27>D27),"Exceso","OK"))) -> OK
A28: Metionina + cistina digestible (%) | B28: =SUMPRODUCT($B$12:$B$21,'Materias primas'!E$5:E$14)/100 -> 0.7166 | C28: =INDEX(Requerimientos!$E$5:$E$9,$F$9) -> 0.664 | E28: =IF(C28="","",IF(B28<C28,"Falta",IF(AND(D28<>"",B28>D28),"Exceso","OK"))) -> OK
A29: Calcio (%) | B29: =SUMPRODUCT($B$12:$B$21,'Materias primas'!F$5:F$14)/100 -> 4.0807 | C29: =INDEX(Requerimientos!$F$5:$F$9,$F$9) -> 4.03 | D29: =IF(INDEX(Requerimientos!$G$5:$G$9,$F$9)="","",INDEX(Requerimientos!$G$5:$G$9,$F$9)) | E29: =IF(C29="","",IF(B29<C29,"Falta",IF(AND(D29<>"",B29>D29),"Exceso","OK"))) -> OK
A30: Fósforo disponible (%) | B30: =SUMPRODUCT($B$12:$B$21,'Materias primas'!G$5:G$14)/100 -> 0.22915 | C30: =INDEX(Requerimientos!$H$5:$H$9,$F$9) -> 0.212 | E30: =IF(C30="","",IF(B30<C30,"Falta",IF(AND(D30<>"",B30>D30),"Exceso","OK"))) -> OK
A31: Sodio (%) | B31: =SUMPRODUCT($B$12:$B$21,'Materias primas'!H$5:H$14)/100 -> 0.19115 | C31: =INDEX(Requerimientos!$I$5:$I$9,$F$9) -> 0.179 | E31: =IF(C31="","",IF(B31<C31,"Falta",IF(AND(D31<>"",B31>D31),"Exceso","OK"))) -> OK
A32: FDN, fibra (%) — informativo | B32: =SUMPRODUCT($B$12:$B$21,'Materias primas'!I$5:I$14)/100 -> 13.107
A34: Costo de la mezcla ($/kg) | B34: =SUMPRODUCT($B$12:$B$21,$C$12:$C$21)/100 -> 199.3 | E34: =IF(COUNTIFS($B$12:$B$21,">0",$C$12:$C$21,"")>0,"Falta el precio de algún ingrediente usado","") -> Falta el precio de algún ingrediente usado
A35: Consumo por gallina (g/día) | B35: 110
A36: Costo de alimento por gallina al día ($) | B36: =B34*B35/1000 -> 21.923
A38: Notas:
A39: • Los granos solos no alcanzan: aportan energía, pero poca lisina, metionina y calcio. Por eso se combinan con soya o raps, conchuela y sal.
A40: • Si falta metionina o fósforo, se corrigen con DL-metionina y fosfato bicálcico; si falta energía, con un poco de aceite (filas opcionales).
A41: • Postura: si la conchuela se entrega aparte en la tarde (3–4 g por gallina al día), el calcio de la mezcla puede quedar bajo el mínimo.
A42: • Respete el máximo de cada ingrediente (avena 10%, harina de raps 12%, afrechillo 15%, aceite 7%).
A43: • La mezcla de ejemplo cumple los requerimientos de postura; cámbiela por la suya.
A44: • Valores promedio de: Rostagno et al. 2024 (Tablas Brasileñas, 5ª ed.) y FEDNA 2018.

Sheet Materias primas
A1: Materias primas: valor nutritivo (en materia natural, tal como se compra)
A2: Valores promedio de tablas. Si tiene un análisis de laboratorio de su materia prima, reemplace el número azul. Aminoácidos y fósforo en forma digestible/disponible para aves.
A4: Ingrediente | B4: Energía metabolizable gallinas (kcal/kg) | C4: Proteína bruta (%) | D4: Lisina digestible (%) | E4: Metionina + cistina digestible (%) | F4: Calcio (%) | G4: Fósforo disponible (%) | H4: Sodio (%) | I4: FDN (fibra) (%) | J4: Máximo recomendado en ponedoras (%) | K4: Fuente / nota
A5: Maíz grano | B5: 3391 | C5: 7.81 | D5: 0.21 | E5: 0.29 | F5: 0.02 | G5: 0.05 | H5: 0.01 | I5: 13.8 | J5: 65 | K5: Rostagno et al. 2024, Tabla 1.01 (maíz media)
A6: Avena grano | B6: 3030 | C6: 12.6 | D6: 0.45 | E6: 0.51 | F6: 0.07 | G6: 0.22 | H6: 0.01 | I6: 28.7 | J6: 10 | K6: Rostagno et al. 2024, Tabla 1.01. Muestra brasileña con poca fibra bruta (3,7%): la avena con cáscara nacional puede tener más fibra y menos energía
A7: Harina de soya 45,6% | B7: 2332 | C7: 45.6 | D7: 2.6 | E7: 1.11 | F7: 0.3 | G7: 0.22 | H7: 0.01 | I7: 11.6 | J7: 30 | K7: Rostagno et al. 2024, Tabla 1.01 (harina de soya 45,6% PB)
A8: Harina de raps (canola) | B8: 1856 | C8: 36.2 | D8: 1.63 | E8: 1.42 | F8: 0.63 | G8: 0.39 | H8: 0.1 | I8: 25.1 | J8: 12 | K8: Rostagno et al. 2024, Tabla 1.01 (harina de canola)
A9: Afrechillo de trigo | B9: 1927 | C9: 15.2 | D9: 0.44 | E9: 0.42 | F9: 0.14 | G9: 0.49 | H9: 0.02 | I9: 39.8 | J9: 15 | K9: Rostagno et al. 2024, Tabla 1.01 (salvado de trigo). Rico en potasio (1,10%)
A10: Conchuela / carbonato de calcio | B10: 0 | C10: 0 | D10: 0 | E10: 0 | F10: 36.4 | G10: 0 | H10: 0 | I10: 0 | K10: Rostagno et al. 2024, Tabla 1.10 (harina de ostras 36,4% Ca; carbonato calcítico 37,5%). Conchuela local: confirmar con análisis
A11: Sal común | B11: 0 | C11: 0 | D11: 0 | E11: 0 | F11: 0 | G11: 0 | H11: 39.7 | I11: 0 | K11: Rostagno et al. 2024, Tabla 1.10 (39,7% Na; 59,6% Cl)
A12: Fosfato bicálcico (opcional) | B12: 0 | C12: 0 | D12: 0 | E12: 0 | F12: 24 | G12: 18.5 | H12: 0 | I12: 0 | K12: Rostagno et al. 2024, Tabla 1.10 (24% Ca; 18,5% P disponible)
A13: DL-metionina (opcional) | B13: 5253 | C13: 58.7 | D13: 0 | E13: 99 | F13: 0 | G13: 0 | H13: 0 | I13: 0 | K13: Rostagno et al. 2024, Tabla 1.08 (digestibilidad 99,2%; energía en materia seca). Pureza del producto comercial: confirmar en la etiqueta
A14: Aceite de raps (opcional) | B14: 8784 | C14: 0 | D14: 0 | E14: 0 | F14: 0 | G14: 0 | H14: 0 | I14: 0 | J14: 7 | K14: Rostagno et al. 2024, Tabla 1.01 (aceite de canola). Sube la energía cuando la conchuela va dentro de la mezcla

Sheet Requerimientos
A1: Requerimientos por etapa (por kg de alimento)
A2: Aminoácidos digestibles, para que sean comparables con la hoja de materias primas. La energía se acepta ±3% del valor indicado.
A4: Etapa | B4: Energía metabolizable (kcal/kg) | C4: Proteína bruta (%) | D4: Lisina digestible (%) | E4: Metionina + cistina digestible (%) | F4: Calcio mínimo (%) | G4: Calcio máximo (%) | H4: Fósforo disponible (%) | I4: Sodio (%) | J4: Fuente
A5: Pollita 0 a 5 semanas | B5: 2960 | C5: 18.8 | D5: 0.98 | E5: 0.74 | F5: 0.9 | G5: 1 | H5: 0.43 | I5: 0.19 | J5: FEDNA 2018, pollitas rubias (Tabla 13)
A6: Pollita 5 a 10 semanas | B6: 2820 | C6: 16.7 | D6: 0.76 | E6: 0.61 | F6: 0.8 | G6: 0.95 | H6: 0.4 | I6: 0.17 | J6: FEDNA 2018, pollitas rubias (Tabla 13)
A7: Pollita 10 a 17 semanas | B7: 2730 | C7: 15 | D7: 0.55 | E7: 0.46 | F7: 0.75 | G7: 0.85 | H7: 0.37 | I7: 0.15 | J7: FEDNA 2018, pollitas rubias (Tabla 13)
A8: Inicio de postura | B8: 2730 | C8: 17 | D8: 0.68 | E8: 0.6 | F8: 2.85 | G8: 3.75 | H8: 0.39 | I8: 0.16 | J8: FEDNA 2018, pollitas rubias (Tabla 13)
A9: Gallina en postura | B9: 2850 | C9: 14.33 | D9: 0.722 | E9: 0.664 | F9: 4.03 | H9: 0.212 | I9: 0.179 | J9: Rostagno et al. 2024, Tabla 3.35 (marrón 1,85 kg, 58 g/día de masa de huevo)
A11: Postura: si la conchuela se entrega aparte en la tarde (3–4 g por gallina al día), el calcio de la mezcla puede quedar bajo el mínimo: la conchuela aparte completa el resto (FEDNA 2018; Hendrix Genetics 2020).
